{
  "IcoMoonType": "selection",
  "icons": [
    {
      "icon": {
        "paths": [
          "M1194.667 0h-1024c-70.4 0-127.36 57.6-127.36 128l-0.64 768c0 70.4 57.6 128 128 128h1024c70.4 0 128-57.6 128-128v-768c0-70.4-57.6-128-128-128zM1169.067 272l-452.48 282.88c-20.48 12.8-47.36 12.8-67.84 0l-452.48-282.88c-16-10.24-25.6-27.52-25.6-46.080 0-42.88 46.72-68.48 83.2-46.080l428.8 268.16 428.8-268.16c36.48-22.4 83.2 3.2 83.2 46.080 0 18.56-9.6 35.84-25.6 46.080z"
        ],
        "attrs": [
          {}
        ],
        "width": 1365,
        "isMulticolor": false,
        "isMulticolor2": false,
        "grid": 0,
        "tags": [
          "mailorder"
        ]
      },
      "attrs": [
        {}
      ],
      "properties": {
        "order": 42,
        "id": 2,
        "name": "mailorder",
        "prevSize": 32
      },
      "setIdx": 0,
      "setId": 0,
      "iconIdx": 0
    },
    {
      "icon": {
        "paths": [
          "M512 512c94.293 0 170.667-76.373 170.667-170.667s-76.373-170.667-170.667-170.667c-94.293 0-170.667 76.373-170.667 170.667s76.373 170.667 170.667 170.667zM512 597.333c-113.92 0-341.333 57.173-341.333 170.667v42.667c0 23.467 19.2 42.667 42.667 42.667h597.333c23.467 0 42.667-19.2 42.667-42.667v-42.667c0-113.493-227.413-170.667-341.333-170.667z"
        ],
        "attrs": [
          {
            "fill": "rgb(33, 150, 243)"
          }
        ],
        "isMulticolor": false,
        "isMulticolor2": false,
        "grid": 0,
        "tags": [
          "name"
        ]
      },
      "attrs": [
        {
          "fill": "rgb(33, 150, 243)"
        }
      ],
      "properties": {
        "order": 43,
        "id": 1,
        "name": "name",
        "prevSize": 32
      },
      "setIdx": 0,
      "setId": 0,
      "iconIdx": 1
    },
    {
      "icon": {
        "paths": [
          "M796.217 632.752l-104.567-11.941c-25.116-2.879-49.818 5.769-67.521 23.467l-75.75 75.753c-116.509-59.284-212.021-154.384-271.305-271.306l76.163-76.163c17.703-17.703 26.348-42.404 23.466-67.518l-11.939-103.747c-4.941-41.581-39.934-72.87-81.927-72.87h-71.223c-46.521 0-85.22 38.699-82.339 85.221 21.82 351.588 303.006 632.364 654.182 654.181 46.518 2.884 85.22-35.817 85.22-82.335v-71.225c0.41-41.58-30.879-76.572-72.459-81.516z"
        ],
        "attrs": [
          {}
        ],
        "isMulticolor": false,
        "isMulticolor2": false,
        "grid": 0,
        "tags": [
          "tel"
        ]
      },
      "attrs": [
        {}
      ],
      "properties": {
        "order": 44,
        "id": 0,
        "name": "tel",
        "prevSize": 32
      },
      "setIdx": 0,
      "setId": 0,
      "iconIdx": 2
    }
  ],
  "height": 1024,
  "preferences": {
    "showGlyphs": true,
    "showQuickUse": true,
    "showQuickUse2": true,
    "showSVGs": true,
    "fontPref": {
      "prefix": "icon-",
      "metadata": {
        "fontFamily": "icomoon"
      },
      "metrics": {
        "emSize": 1024,
        "baseline": 6.25,
        "whitespace": 50
      },
      "embed": false
    },
    "imagePref": {
      "prefix": "icon-",
      "png": false,
      "useClassSelector": true,
      "color": 0,
      "bgColor": 16777215,
      "classSelector": ".icon",
      "name": "icomoon",
      "height": 32,
      "columns": 16,
      "margin": 16
    },
    "historySize": 50,
    "showCodes": true,
    "gridSize": 16
  }
}